source,target,type
katyperry,rihanna,directed
rihanna,katyperry,directed
katyperry,ladygaga,directed
ladygaga,katyperry,directed
katyperry,selenagomez,directed
selenagomez,katyperry,directed
pitbull,katyperry,directed
zaynmalik,katyperry,directed
katyperry,priyankachopra,directed
priyankachopra,katyperry,directed
taylorswift13,justinbieber,directed
justinbieber,rihanna,directed
justinbieber,ladygaga,directed
justinbieber,twitter,directed
justinbieber,selenagomez,directed
selenagomez,justinbieber,directed
justinbieber,shakira,directed
justinbieber,nytimes,directed
justinbieber,onedirection,directed
onedirection,justinbieber,directed
justinbieber,wizkhalifa,directed
wizkhalifa,justinbieber,directed
justinbieber,kanyewest,directed
justinbieber,neymarjr,directed
neymarjr,justinbieber,directed
justinbieber,narendramodi,directed
justinbieber,pitbull,directed
pitbull,justinbieber,directed
justinbieber,khloekardashian,directed
justinbieber,kourtneykardash,directed
kourtneykardash,justinbieber,directed
justinbieber,zaynmalik,directed
zaynmalik,justinbieber,directed
taylorswift13,wizkhalifa,directed
zaynmalik,taylorswift13,directed
taylorswift13,vine,directed
justinbieber,barackobama,directed
youtube,barackobama,directed
ladygaga,barackobama,directed
theellenshow,barackobama,directed
jtimberlake,barackobama,directed
jimmyfallon,barackobama,directed
shakira,barackobama,directed
ddlovato,barackobama,directed
drake,barackobama,directed
billgates,barackobama,directed
barackobama,kevinhart4real,directed
kevinhart4real,barackobama,directed
niallofficial,barackobama,directed
kaka,barackobama,directed
narendramodi,barackobama,directed
danieltosh,barackobama,directed
barackobama,aliciakeys,directed
aliciakeys,barackobama,directed
srbachchan,barackobama,directed
nba,barackobama,directed
emmawatson,barackobama,directed
pitbull,barackobama,directed
khloekardashian,barackobama,directed
davidguetta,barackobama,directed
nfl,barackobama,directed
nickiminaj,barackobama,directed
zaynmalik,barackobama,directed
barackobama,theeconomist,directed
aplusk,barackobama,directed
barackobama,mariahcarey,directed
mariahcarey,barackobama,directed
leodicaprio,barackobama,directed
ricky_martin,barackobama,directed
shugairi,barackobama,directed
agnezmo,barackobama,directed
barackobama,ryanseacrest,directed
ryanseacrest,barackobama,directed
barackobama,snoopdogg,directed
snoopdogg,barackobama,directed
selenagomez,rihanna,directed
rihanna,shakira,directed
shakira,rihanna,directed
rihanna,wizkhalifa,directed
wizkhalifa,rihanna,directed
youtube,katyperry,directed
youtube,justinbieber,directed
justinbieber,youtube,directed
youtube,taylorswift13,directed
youtube,rihanna,directed
youtube,ladygaga,directed
ladygaga,youtube,directed
youtube,twitter,directed
youtube,jtimberlake,directed
britneyspears,youtube,directed
youtube,selenagomez,directed
youtube,jimmyfallon,directed
jimmyfallon,youtube,directed
youtube,shakira,directed
youtube,instagram,directed
youtube,nytimes,directed
youtube,onedirection,directed
youtube,neymarjr,directed
pitbull,youtube,directed
youtube,khloekardashian,directed
davidguetta,youtube,directed
youtube,zaynmalik,directed
youtube,coldplay,directed
youtube,aplusk,directed
youtube,edsheeran,directed
youtube,ricky_martin,directed
ricky_martin,youtube,directed
shugairi,youtube,directed
agnezmo,youtube,directed
ivetesangalo,youtube,directed
ladygaga,rihanna,directed
rihanna,ladygaga,directed
ladygaga,selenagomez,directed
ladygaga,onedirection,directed
onedirection,ladygaga,directed
pitbull,ladygaga,directed
zaynmalik,ladygaga,directed
ricky_martin,ladygaga,directed
ladygaga,xtina,directed
xtina,ladygaga,directed
priyankachopra,ladygaga,directed
theellenshow,katyperry,directed
katyperry,theellenshow,directed
theellenshow,justinbieber,directed
justinbieber,theellenshow,directed
theellenshow,taylorswift13,directed
taylorswift13,theellenshow,directed
theellenshow,rihanna,directed
theellenshow,youtube,directed
youtube,theellenshow,directed
theellenshow,ladygaga,directed
ladygaga,theellenshow,directed
theellenshow,twitter,directed
theellenshow,jtimberlake,directed
jtimberlake,theellenshow,directed
theellenshow,britneyspears,directed
britneyspears,theellenshow,directed
theellenshow,selenagomez,directed
theellenshow,cnnbrk,directed
theellenshow,jimmyfallon,directed
jimmyfallon,theellenshow,directed
theellenshow,shakira,directed
theellenshow,ddlovato,directed
theellenshow,nytimes,directed
theellenshow,onedirection,directed
onedirection,theellenshow,directed
theellenshow,espn,directed
theellenshow,kanyewest,directed
theellenshow,danieltosh,directed
theellenshow,aliciakeys,directed
pitbull,theellenshow,directed
theellenshow,khloekardashian,directed
theellenshow,kourtneykardash,directed
theellenshow,davidguetta,directed
theellenshow,zaynmalik,directed
theellenshow,chrisbrown,directed
theellenshow,blakeshelton,directed
theellenshow,coldplay,directed
theellenshow,realdonaldtrump,directed
theellenshow,aplusk,directed
aplusk,theellenshow,directed
theellenshow,edsheeran,directed
edsheeran,theellenshow,directed
theellenshow,ricky_martin,directed
ricky_martin,theellenshow,directed
theellenshow,xtina,directed
agnezmo,theellenshow,directed
theellenshow,priyankachopra,directed
priyankachopra,theellenshow,directed
theellenshow,twitterespanol,directed
theellenshow,akshaykumar,directed
theellenshow,ivetesangalo,directed
twitter,vine,directed
justinbieber,jtimberlake,directed
jtimberlake,taylorswift13,directed
taylorswift13,jtimberlake,directed
jtimberlake,rihanna,directed
rihanna,jtimberlake,directed
pitbull,jtimberlake,directed
zaynmalik,jtimberlake,directed
britneyspears,katyperry,directed
katyperry,britneyspears,directed
britneyspears,justinbieber,directed
justinbieber,britneyspears,directed
taylorswift13,britneyspears,directed
britneyspears,rihanna,directed
rihanna,britneyspears,directed
britneyspears,ladygaga,directed
ladygaga,britneyspears,directed
britneyspears,twitter,directed
britneyspears,selenagomez,directed
selenagomez,britneyspears,directed
jimmyfallon,britneyspears,directed
britneyspears,ddlovato,directed
ddlovato,britneyspears,directed
britneyspears,onedirection,directed
britneyspears,pitbull,directed
pitbull,britneyspears,directed
britneyspears,khloekardashian,directed
zaynmalik,britneyspears,directed
ricky_martin,britneyspears,directed
britneyspears,xtina,directed
ivetesangalo,britneyspears,directed
justinbieber,kimkardashian,directed
youtube,kimkardashian,directed
theellenshow,kimkardashian,directed
britneyspears,kimkardashian,directed
selenagomez,kimkardashian,directed
jimmyfallon,kimkardashian,directed
kimkardashian,ddlovato,directed
ddlovato,kimkardashian,directed
kimkardashian,oprah,directed
niallofficial,kimkardashian,directed
kimkardashian,kanyewest,directed
kanyewest,kimkardashian,directed
nba,kimkardashian,directed
liampayne,kimkardashian,directed
pitbull,kimkardashian,directed
kimkardashian,khloekardashian,directed
khloekardashian,kimkardashian,directed
kimkardashian,kourtneykardash,directed
kourtneykardash,kimkardashian,directed
kimkardashian,kyliejenner,directed
kyliejenner,kimkardashian,directed
kimkardashian,xtina,directed
xtina,kimkardashian,directed
agnezmo,kimkardashian,directed
kimkardashian,ryanseacrest,directed
ryanseacrest,kimkardashian,directed
snoopdogg,kimkardashian,directed
cristiano,justinbieber,directed
justinbieber,cristiano,directed
cristiano,rihanna,directed
rihanna,cristiano,directed
cristiano,ladygaga,directed
theellenshow,cristiano,directed
cristiano,instagram,directed
cristiano,jlo,directed
jlo,cristiano,directed
sportscenter,cristiano,directed
harry_styles,cristiano,directed
cristiano,liltunechi,directed
liltunechi,cristiano,directed
neymarjr,cristiano,directed
cristiano,kaka,directed
kaka,cristiano,directed
srbachchan,cristiano,directed
liampayne,cristiano,directed
louis_tomlinson,cristiano,directed
pitbull,cristiano,directed
cristiano,realmadrid,directed
realmadrid,cristiano,directed
davidguetta,cristiano,directed
nfl,cristiano,directed
zaynmalik,cristiano,directed
cristiano,vine,directed
ricky_martin,cristiano,directed
ivetesangalo,cristiano,directed
snoopdogg,cristiano,directed
selenagomez,taylorswift13,directed
taylorswift13,selenagomez,directed
wizkhalifa,selenagomez,directed
zaynmalik,selenagomez,directed
jimmyfallon,cnnbrk,directed
narendramodi,cnnbrk,directed
pitbull,cnnbrk,directed
khloekardashian,cnnbrk,directed
priyankachopra,cnnbrk,directed
jimmyfallon,katyperry,directed
jimmyfallon,justinbieber,directed
justinbieber,jimmyfallon,directed
jimmyfallon,taylorswift13,directed
taylorswift13,jimmyfallon,directed
jimmyfallon,rihanna,directed
jimmyfallon,ladygaga,directed
jimmyfallon,jtimberlake,directed
jtimberlake,jimmyfallon,directed
jimmyfallon,selenagomez,directed
shakira,jimmyfallon,directed
jimmyfallon,nytimes,directed
jimmyfallon,onedirection,directed
onedirection,jimmyfallon,directed
jimmyfallon,wizkhalifa,directed
jimmyfallon,kanyewest,directed
jimmyfallon,pitbull,directed
pitbull,jimmyfallon,directed
jimmyfallon,khloekardashian,directed
jimmyfallon,kourtneykardash,directed
jimmyfallon,zaynmalik,directed
jimmyfallon,realdonaldtrump,directed
jimmyfallon,ricky_martin,directed
ricky_martin,jimmyfallon,directed
jimmyfallon,xtina,directed
jimmyfallon,priyankachopra,directed
priyankachopra,jimmyfallon,directed
arianagrande,katyperry,directed
katyperry,arianagrande,directed
arianagrande,justinbieber,directed
justinbieber,arianagrande,directed
arianagrande,barackobama,directed
arianagrande,rihanna,directed
arianagrande,ladygaga,directed
arianagrande,theellenshow,directed
theellenshow,arianagrande,directed
arianagrande,jtimberlake,directed
jtimberlake,arianagrande,directed
arianagrande,britneyspears,directed
arianagrande,kimkardashian,directed
arianagrande,selenagomez,directed
selenagomez,arianagrande,directed
arianagrande,jimmyfallon,directed
jimmyfallon,arianagrande,directed
arianagrande,shakira,directed
arianagrande,ddlovato,directed
ddlovato,arianagrande,directed
jlo,arianagrande,directed
arianagrande,onedirection,directed
arianagrande,mileycyrus,directed
mileycyrus,arianagrande,directed
arianagrande,harry_styles,directed
harry_styles,arianagrande,directed
arianagrande,liltunechi,directed
arianagrande,niallofficial,directed
niallofficial,arianagrande,directed
arianagrande,brunomars,directed
arianagrande,kanyewest,directed
arianagrande,aliciakeys,directed
aliciakeys,arianagrande,directed
arianagrande,liampayne,directed
liampayne,arianagrande,directed
arianagrande,louis_tomlinson,directed
louis_tomlinson,arianagrande,directed
arianagrande,emmawatson,directed
arianagrande,pitbull,directed
arianagrande,khloekardashian,directed
arianagrande,kourtneykardash,directed
arianagrande,eminem,directed
arianagrande,nickiminaj,directed
nickiminaj,arianagrande,directed
arianagrande,kendalljenner,directed
kendalljenner,arianagrande,directed
arianagrande,zaynmalik,directed
zaynmalik,arianagrande,directed
arianagrande,kyliejenner,directed
kyliejenner,arianagrande,directed
arianagrande,chrisbrown,directed
arianagrande,coldplay,directed
arianagrande,aplusk,directed
arianagrande,leodicaprio,directed
arianagrande,edsheeran,directed
edsheeran,arianagrande,directed
arianagrande,xtina,directed
arianagrande,agnezmo,directed
agnezmo,arianagrande,directed
arianagrande,jimcarrey,directed
arianagrande,ryanseacrest,directed
ryanseacrest,arianagrande,directed
shakira,taylorswift13,directed
ddlovato,katyperry,directed
justinbieber,ddlovato,directed
ddlovato,taylorswift13,directed
taylorswift13,ddlovato,directed
ddlovato,ladygaga,directed
ddlovato,jtimberlake,directed
selenagomez,ddlovato,directed
ddlovato,jimmyfallon,directed
jimmyfallon,ddlovato,directed
ddlovato,pitbull,directed
pitbull,ddlovato,directed
ddlovato,khloekardashian,directed
khloekardashian,ddlovato,directed
zaynmalik,ddlovato,directed
ddlovato,edsheeran,directed
edsheeran,ddlovato,directed
ddlovato,xtina,directed
selenagomez,instagram,directed
jimmyfallon,instagram,directed
ivetesangalo,instagram,directed
jlo,katyperry,directed
jlo,justinbieber,directed
justinbieber,jlo,directed
jlo,taylorswift13,directed
jlo,rihanna,directed
jlo,youtube,directed
youtube,jlo,directed
jlo,theellenshow,directed
theellenshow,jlo,directed
jlo,jtimberlake,directed
jlo,britneyspears,directed
britneyspears,jlo,directed
jlo,kimkardashian,directed
kimkardashian,jlo,directed
jlo,jimmyfallon,directed
jimmyfallon,jlo,directed
jlo,ddlovato,directed
ddlovato,jlo,directed
jlo,nytimes,directed
jlo,kanyewest,directed
jlo,aliciakeys,directed
aliciakeys,jlo,directed
nba,jlo,directed
jlo,pitbull,directed
pitbull,jlo,directed
jlo,khloekardashian,directed
khloekardashian,jlo,directed
nfl,jlo,directed
jlo,nickiminaj,directed
nickiminaj,jlo,directed
jlo,zaynmalik,directed
zaynmalik,jlo,directed
jlo,chrisbrown,directed
jlo,ricky_martin,directed
ricky_martin,jlo,directed
jlo,xtina,directed
agnezmo,jlo,directed
kdtrey5,jlo,directed
jlo,ryanseacrest,directed
ryanseacrest,jlo,directed
ivetesangalo,jlo,directed
jlo,snoopdogg,directed
snoopdogg,jlo,directed
justinbieber,oprah,directed
oprah,rihanna,directed
youtube,oprah,directed
oprah,ladygaga,directed
oprah,theellenshow,directed
theellenshow,oprah,directed
oprah,jtimberlake,directed
jtimberlake,oprah,directed
oprah,jimmyfallon,directed
jimmyfallon,oprah,directed
shakira,oprah,directed
oprah,aliciakeys,directed
aliciakeys,oprah,directed
srbachchan,oprah,directed
kourtneykardash,oprah,directed
oprah,aplusk,directed
aplusk,oprah,directed
ricky_martin,oprah,directed
shugairi,oprah,directed
agnezmo,oprah,directed
priyankachopra,oprah,directed
ryanseacrest,oprah,directed
snoopdogg,oprah,directed
katyperry,drake,directed
drake,justinbieber,directed
justinbieber,drake,directed
drake,taylorswift13,directed
taylorswift13,drake,directed
drake,rihanna,directed
rihanna,drake,directed
theellenshow,drake,directed
drake,jtimberlake,directed
jtimberlake,drake,directed
drake,britneyspears,directed
britneyspears,drake,directed
drake,kimkardashian,directed
drake,selenagomez,directed
jimmyfallon,drake,directed
drake,jlo,directed
drake,oprah,directed
drake,kingjames,directed
kingjames,drake,directed
drake,kevinhart4real,directed
kevinhart4real,drake,directed
sportscenter,drake,directed
drake,liltunechi,directed
liltunechi,drake,directed
drake,wizkhalifa,directed
wizkhalifa,drake,directed
niallofficial,drake,directed
drake,kanyewest,directed
drake,aliciakeys,directed
nba,drake,directed
liampayne,drake,directed
louis_tomlinson,drake,directed
pitbull,drake,directed
khloekardashian,drake,directed
nfl,drake,directed
drake,eminem,directed
drake,nickiminaj,directed
nickiminaj,drake,directed
kendalljenner,drake,directed
zaynmalik,drake,directed
drake,kyliejenner,directed
kyliejenner,drake,directed
drake,aplusk,directed
edsheeran,drake,directed
agnezmo,drake,directed
drake,kdtrey5,directed
kdtrey5,drake,directed
ryanseacrest,drake,directed
snoopdogg,drake,directed
justinbieber,kingjames,directed
rihanna,kingjames,directed
kingjames,theellenshow,directed
theellenshow,kingjames,directed
jtimberlake,kingjames,directed
jimmyfallon,kingjames,directed
kingjames,instagram,directed
oprah,kingjames,directed
sportscenter,kingjames,directed
espn,kingjames,directed
danieltosh,kingjames,directed
kingjames,nba,directed
nba,kingjames,directed
pitbull,kingjames,directed
nfl,kingjames,directed
kingjames,nickiminaj,directed
nickiminaj,kingjames,directed
aplusk,kingjames,directed
agnezmo,kingjames,directed
ryanseacrest,kingjames,directed
snoopdogg,kingjames,directed
justinbieber,billgates,directed
youtube,billgates,directed
theellenshow,billgates,directed
jimmyfallon,billgates,directed
billgates,nytimes,directed
kaka,billgates,directed
billgates,narendramodi,directed
narendramodi,billgates,directed
billgates,srbachchan,directed
srbachchan,billgates,directed
nba,billgates,directed
pitbull,billgates,directed
nfl,billgates,directed
billgates,theeconomist,directed
theeconomist,billgates,directed
billgates,aplusk,directed
aplusk,billgates,directed
deepikapadukone,billgates,directed
billgates,leodicaprio,directed
shugairi,billgates,directed
reuters,billgates,directed
kdtrey5,billgates,directed
billgates,ryanseacrest,directed
ryanseacrest,billgates,directed
ricky_martin,nytimes,directed
kevinhart4real,katyperry,directed
kevinhart4real,justinbieber,directed
justinbieber,kevinhart4real,directed
kevinhart4real,rihanna,directed
rihanna,kevinhart4real,directed
kevinhart4real,youtube,directed
kevinhart4real,theellenshow,directed
theellenshow,kevinhart4real,directed
kevinhart4real,jtimberlake,directed
kevinhart4real,kimkardashian,directed
kevinhart4real,jimmyfallon,directed
jimmyfallon,kevinhart4real,directed
kevinhart4real,oprah,directed
oprah,kevinhart4real,directed
kevinhart4real,kingjames,directed
kingjames,kevinhart4real,directed
kevinhart4real,sportscenter,directed
kevinhart4real,liltunechi,directed
kevinhart4real,niallofficial,directed
niallofficial,kevinhart4real,directed
kevinhart4real,kanyewest,directed
kevinhart4real,danieltosh,directed
danieltosh,kevinhart4real,directed
kevinhart4real,aliciakeys,directed
kevinhart4real,nba,directed
nba,kevinhart4real,directed
kevinhart4real,khloekardashian,directed
khloekardashian,kevinhart4real,directed
kevinhart4real,nfl,directed
nfl,kevinhart4real,directed
kevinhart4real,nickiminaj,directed
nickiminaj,kevinhart4real,directed
kevinhart4real,chrisbrown,directed
kevinhart4real,mariahcarey,directed
agnezmo,kevinhart4real,directed
kevinhart4real,ryanseacrest,directed
kevinhart4real,snoopdogg,directed
snoopdogg,kevinhart4real,directed
onedirection,zaynmalik,directed
zaynmalik,onedirection,directed
mileycyrus,katyperry,directed
katyperry,mileycyrus,directed
mileycyrus,justinbieber,directed
justinbieber,mileycyrus,directed
youtube,mileycyrus,directed
mileycyrus,ladygaga,directed
mileycyrus,theellenshow,directed
theellenshow,mileycyrus,directed
mileycyrus,britneyspears,directed
britneyspears,mileycyrus,directed
mileycyrus,cnnbrk,directed
mileycyrus,jimmyfallon,directed
jimmyfallon,mileycyrus,directed
mileycyrus,wizkhalifa,directed
wizkhalifa,mileycyrus,directed
mileycyrus,aliciakeys,directed
aliciakeys,mileycyrus,directed
mileycyrus,khloekardashian,directed
khloekardashian,mileycyrus,directed
davidguetta,mileycyrus,directed
mileycyrus,nickiminaj,directed
nickiminaj,mileycyrus,directed
zaynmalik,mileycyrus,directed
mileycyrus,blakeshelton,directed
blakeshelton,mileycyrus,directed
mileycyrus,aplusk,directed
aplusk,mileycyrus,directed
agnezmo,mileycyrus,directed
mileycyrus,ryanseacrest,directed
ryanseacrest,mileycyrus,directed
mileycyrus,snoopdogg,directed
snoopdogg,mileycyrus,directed
sportscenter,katyperry,directed
justinbieber,sportscenter,directed
sportscenter,rihanna,directed
rihanna,sportscenter,directed
sportscenter,youtube,directed
sportscenter,twitter,directed
sportscenter,jtimberlake,directed
jtimberlake,sportscenter,directed
sportscenter,jimmyfallon,directed
jimmyfallon,sportscenter,directed
sportscenter,espn,directed
espn,sportscenter,directed
sportscenter,wizkhalifa,directed
sportscenter,neymarjr,directed
sportscenter,realmadrid,directed
sportscenter,blakeshelton,directed
sportscenter,vine,directed
youtube,cnn,directed
ladygaga,cnn,directed
theellenshow,cnn,directed
cnn,cnnbrk,directed
cnnbrk,cnn,directed
jimmyfallon,cnn,directed
pink,cnn,directed
srbachchan,cnn,directed
nba,cnn,directed
khloekardashian,cnn,directed
cnn,conanobrien,directed
theeconomist,cnn,directed
aplusk,cnn,directed
cnn,vine,directed
deepikapadukone,cnn,directed
reuters,cnn,directed
justinbieber,espn,directed
jtimberlake,espn,directed
jimmyfallon,espn,directed
pitbull,espn,directed
harry_styles,katyperry,directed
harry_styles,justinbieber,directed
justinbieber,harry_styles,directed
harry_styles,taylorswift13,directed
harry_styles,rihanna,directed
youtube,harry_styles,directed
harry_styles,ladygaga,directed
theellenshow,harry_styles,directed
britneyspears,harry_styles,directed
harry_styles,jimmyfallon,directed
jimmyfallon,harry_styles,directed
harry_styles,ddlovato,directed
ddlovato,harry_styles,directed
harry_styles,instagram,directed
jlo,harry_styles,directed
harry_styles,oprah,directed
harry_styles,kevinhart4real,directed
harry_styles,onedirection,directed
onedirection,harry_styles,directed
harry_styles,pink,directed
harry_styles,niallofficial,directed
niallofficial,harry_styles,directed
harry_styles,kanyewest,directed
harry_styles,liampayne,directed
liampayne,harry_styles,directed
harry_styles,louis_tomlinson,directed
louis_tomlinson,harry_styles,directed
harry_styles,khloekardashian,directed
harry_styles,nfl,directed
nfl,harry_styles,directed
harry_styles,kendalljenner,directed
kendalljenner,harry_styles,directed
harry_styles,zaynmalik,directed
zaynmalik,harry_styles,directed
harry_styles,coldplay,directed
harry_styles,aplusk,directed
harry_styles,edsheeran,directed
edsheeran,harry_styles,directed
harry_styles,agnezmo,directed
agnezmo,harry_styles,directed
harry_styles,ryanseacrest,directed
ryanseacrest,harry_styles,directed
pink,katyperry,directed
katyperry,pink,directed
justinbieber,pink,directed
youtube,pink,directed
pink,ladygaga,directed
pink,theellenshow,directed
theellenshow,pink,directed
pink,cnnbrk,directed
jimmyfallon,pink,directed
pink,nytimes,directed
pink,aliciakeys,directed
pitbull,pink,directed
zaynmalik,pink,directed
agnezmo,pink,directed
ryanseacrest,pink,directed
snoopdogg,pink,directed
theellenshow,liltunechi,directed
britneyspears,liltunechi,directed
jimmyfallon,liltunechi,directed
ddlovato,liltunechi,directed
mileycyrus,liltunechi,directed
wizkhalifa,liltunechi,directed
srbachchan,liltunechi,directed
nba,liltunechi,directed
pitbull,liltunechi,directed
nfl,liltunechi,directed
liltunechi,nickiminaj,directed
nickiminaj,liltunechi,directed
zaynmalik,liltunechi,directed
agnezmo,liltunechi,directed
ryanseacrest,liltunechi,directed
snoopdogg,liltunechi,directed
zaynmalik,wizkhalifa,directed
niallofficial,katyperry,directed
niallofficial,justinbieber,directed
justinbieber,niallofficial,directed
niallofficial,taylorswift13,directed
niallofficial,rihanna,directed
youtube,niallofficial,directed
niallofficial,theellenshow,directed
theellenshow,niallofficial,directed
niallofficial,jtimberlake,directed
jtimberlake,niallofficial,directed
niallofficial,britneyspears,directed
niallofficial,selenagomez,directed
selenagomez,niallofficial,directed
niallofficial,jimmyfallon,directed
jimmyfallon,niallofficial,directed
niallofficial,ddlovato,directed
ddlovato,niallofficial,directed
niallofficial,onedirection,directed
onedirection,niallofficial,directed
niallofficial,neymarjr,directed
neymarjr,niallofficial,directed
niallofficial,khloekardashian,directed
khloekardashian,niallofficial,directed
niallofficial,kourtneykardash,directed
niallofficial,davidguetta,directed
niallofficial,zaynmalik,directed
zaynmalik,niallofficial,directed
niallofficial,chrisbrown,directed
niallofficial,coldplay,directed
niallofficial,edsheeran,directed
edsheeran,niallofficial,directed
niallofficial,ryanseacrest,directed
ryanseacrest,niallofficial,directed
theellenshow,bbcbreaking,directed
jimmyfallon,bbcbreaking,directed
cnn,bbcbreaking,directed
narendramodi,bbcbreaking,directed
srbachchan,bbcbreaking,directed
khloekardashian,bbcbreaking,directed
theeconomist,bbcbreaking,directed
bbcbreaking,bbcworld,directed
bbcworld,bbcbreaking,directed
reuters,bbcbreaking,directed
justinbieber,adele,directed
youtube,adele,directed
ladygaga,adele,directed
adele,theellenshow,directed
theellenshow,adele,directed
jtimberlake,adele,directed
britneyspears,adele,directed
jimmyfallon,adele,directed
arianagrande,adele,directed
jlo,adele,directed
drake,adele,directed
mileycyrus,adele,directed
harry_styles,adele,directed
pink,adele,directed
niallofficial,adele,directed
brunomars,adele,directed
aliciakeys,adele,directed
louis_tomlinson,adele,directed
emmawatson,adele,directed
pitbull,adele,directed
davidguetta,adele,directed
nickiminaj,adele,directed
zaynmalik,adele,directed
coldplay,adele,directed
ricky_martin,adele,directed
ryanseacrest,adele,directed
snoopdogg,adele,directed
katyperry,brunomars,directed
justinbieber,brunomars,directed
taylorswift13,brunomars,directed
brunomars,rihanna,directed
rihanna,brunomars,directed
youtube,brunomars,directed
brunomars,theellenshow,directed
theellenshow,brunomars,directed
brunomars,jtimberlake,directed
jtimberlake,brunomars,directed
britneyspears,brunomars,directed
selenagomez,brunomars,directed
jimmyfallon,brunomars,directed
ddlovato,brunomars,directed
jlo,brunomars,directed
mileycyrus,brunomars,directed
harry_styles,brunomars,directed
brunomars,pink,directed
pink,brunomars,directed
niallofficial,brunomars,directed
liampayne,brunomars,directed
louis_tomlinson,brunomars,directed
emmawatson,brunomars,directed
pitbull,brunomars,directed
brunomars,conanobrien,directed
davidguetta,brunomars,directed
coldplay,brunomars,directed
agnezmo,brunomars,directed
ryanseacrest,brunomars,directed
ivetesangalo,brunomars,directed
snoopdogg,brunomars,directed
katyperry,kanyewest,directed
rihanna,kanyewest,directed
pitbull,kanyewest,directed
khloekardashian,kanyewest,directed
kourtneykardash,kanyewest,directed
zaynmalik,kanyewest,directed
neymarjr,rihanna,directed
rihanna,neymarjr,directed
neymarjr,twitter,directed
neymarjr,shakira,directed
shakira,neymarjr,directed
neymarjr,vine,directed
kaka,justinbieber,directed
justinbieber,kaka,directed
kaka,rihanna,directed
kaka,ladygaga,directed
kaka,shakira,directed
kaka,instagram,directed
kaka,oprah,directed
kaka,kingjames,directed
sportscenter,kaka,directed
kaka,espn,directed
kaka,neymarjr,directed
neymarjr,kaka,directed
kaka,aliciakeys,directed
kaka,nba,directed
louis_tomlinson,kaka,directed
kaka,realmadrid,directed
kaka,nfl,directed
kaka,aplusk,directed
aplusk,kaka,directed
kaka,ivetesangalo,directed
ivetesangalo,kaka,directed
snoopdogg,kaka,directed
actuallynph,katyperry,directed
katyperry,actuallynph,directed
actuallynph,barackobama,directed
youtube,actuallynph,directed
theellenshow,actuallynph,directed
jimmyfallon,actuallynph,directed
arianagrande,actuallynph,directed
oprah,actuallynph,directed
pink,actuallynph,directed
actuallynph,conanobrien,directed
nfl,actuallynph,directed
actuallynph,bbcworld,directed
ryanseacrest,actuallynph,directed
narendramodi,twitter,directed
narendramodi,realdonaldtrump,directed
priyankachopra,narendramodi,directed
pitbull,danieltosh,directed
aliciakeys,katyperry,directed
justinbieber,aliciakeys,directed
aliciakeys,jtimberlake,directed
jtimberlake,aliciakeys,directed
aliciakeys,jimmyfallon,directed
jimmyfallon,aliciakeys,directed
aliciakeys,nytimes,directed
aliciakeys,blakeshelton,directed
aliciakeys,coldplay,directed
coldplay,aliciakeys,directed
aliciakeys,vine,directed
ivetesangalo,aliciakeys,directed
srbachchan,rihanna,directed
srbachchan,youtube,directed
srbachchan,ladygaga,directed
srbachchan,theellenshow,directed
srbachchan,twitter,directed
srbachchan,jtimberlake,directed
srbachchan,britneyspears,directed
srbachchan,cnnbrk,directed
srbachchan,shakira,directed
srbachchan,ddlovato,directed
srbachchan,nytimes,directed
srbachchan,narendramodi,directed
narendramodi,srbachchan,directed
srbachchan,pitbull,directed
srbachchan,iamsrk,directed
iamsrk,srbachchan,directed
srbachchan,davidguetta,directed
srbachchan,aamir_khan,directed
aamir_khan,srbachchan,directed
srbachchan,theeconomist,directed
srbachchan,deepikapadukone,directed
deepikapadukone,srbachchan,directed
srbachchan,priyankachopra,directed
priyankachopra,srbachchan,directed
srbachchan,ihrithik,directed
srbachchan,akshaykumar,directed
akshaykumar,srbachchan,directed
nba,justinbieber,directed
nba,rihanna,directed
youtube,nba,directed
theellenshow,nba,directed
nba,twitter,directed
nba,jtimberlake,directed
nba,jimmyfallon,directed
nba,instagram,directed
nba,oprah,directed
nba,sportscenter,directed
sportscenter,nba,directed
nba,espn,directed
espn,nba,directed
nba,kanyewest,directed
nba,neymarjr,directed
neymarjr,nba,directed
nba,aliciakeys,directed
nba,pitbull,directed
pitbull,nba,directed
nba,khloekardashian,directed
nba,nickiminaj,directed
nba,chrisbrown,directed
nba,aplusk,directed
nba,ryanseacrest,directed
nba,snoopdogg,directed
snoopdogg,nba,directed
liampayne,katyperry,directed
liampayne,justinbieber,directed
justinbieber,liampayne,directed
liampayne,taylorswift13,directed
youtube,liampayne,directed
liampayne,ladygaga,directed
ladygaga,liampayne,directed
liampayne,theellenshow,directed
theellenshow,liampayne,directed
liampayne,jtimberlake,directed
liampayne,britneyspears,directed
britneyspears,liampayne,directed
liampayne,onedirection,directed
onedirection,liampayne,directed
liampayne,mileycyrus,directed
liampayne,pink,directed
liampayne,liltunechi,directed
liampayne,wizkhalifa,directed
liampayne,niallofficial,directed
niallofficial,liampayne,directed
liampayne,louis_tomlinson,directed
louis_tomlinson,liampayne,directed
liampayne,khloekardashian,directed
liampayne,kourtneykardash,directed
liampayne,nasa,directed
liampayne,nickiminaj,directed
liampayne,zaynmalik,directed
zaynmalik,liampayne,directed
liampayne,coldplay,directed
liampayne,edsheeran,directed
edsheeran,liampayne,directed
liampayne,snoopdogg,directed
louis_tomlinson,katyperry,directed
louis_tomlinson,justinbieber,directed
justinbieber,louis_tomlinson,directed
louis_tomlinson,taylorswift13,directed
louis_tomlinson,rihanna,directed
louis_tomlinson,youtube,directed
youtube,louis_tomlinson,directed
louis_tomlinson,ladygaga,directed
louis_tomlinson,theellenshow,directed
theellenshow,louis_tomlinson,directed
louis_tomlinson,britneyspears,directed
louis_tomlinson,selenagomez,directed
louis_tomlinson,onedirection,directed
onedirection,louis_tomlinson,directed
louis_tomlinson,mileycyrus,directed
louis_tomlinson,pink,directed
louis_tomlinson,niallofficial,directed
niallofficial,louis_tomlinson,directed
louis_tomlinson,neymarjr,directed
louis_tomlinson,realmadrid,directed
louis_tomlinson,davidguetta,directed
louis_tomlinson,zaynmalik,directed
zaynmalik,louis_tomlinson,directed
louis_tomlinson,coldplay,directed
louis_tomlinson,aplusk,directed
louis_tomlinson,edsheeran,directed
edsheeran,louis_tomlinson,directed
louis_tomlinson,snoopdogg,directed
emmawatson,taylorswift13,directed
taylorswift13,emmawatson,directed
emmawatson,ladygaga,directed
emmawatson,theellenshow,directed
theellenshow,emmawatson,directed
emmawatson,selenagomez,directed
jimmyfallon,emmawatson,directed
ddlovato,emmawatson,directed
emmawatson,oprah,directed
emmawatson,nytimes,directed
sportscenter,emmawatson,directed
emmawatson,harry_styles,directed
harry_styles,emmawatson,directed
emmawatson,pink,directed
pink,emmawatson,directed
niallofficial,emmawatson,directed
srbachchan,emmawatson,directed
liampayne,emmawatson,directed
emmawatson,iamsrk,directed
iamsrk,emmawatson,directed
nfl,emmawatson,directed
nickiminaj,emmawatson,directed
emmawatson,coldplay,directed
emmawatson,edsheeran,directed
pitbull,taylorswift13,directed
pitbull,rihanna,directed
pitbull,selenagomez,directed
pitbull,shakira,directed
shakira,pitbull,directed
pitbull,realdonaldtrump,directed
pitbull,ricky_martin,directed
ricky_martin,pitbull,directed
pitbull,xtina,directed
pitbull,priyankachopra,directed
priyankachopra,pitbull,directed
khloekardashian,rihanna,directed
rihanna,khloekardashian,directed
khloekardashian,ladygaga,directed
selenagomez,khloekardashian,directed
pitbull,khloekardashian,directed
khloekardashian,kourtneykardash,directed
kourtneykardash,khloekardashian,directed
iamsrk,shakira,directed
iamsrk,priyankachopra,directed
priyankachopra,iamsrk,directed
katyperry,conanobrien,directed
justinbieber,conanobrien,directed
youtube,conanobrien,directed
theellenshow,conanobrien,directed
jtimberlake,conanobrien,directed
jimmyfallon,conanobrien,directed
drake,conanobrien,directed
kevinhart4real,conanobrien,directed
mileycyrus,conanobrien,directed
sportscenter,conanobrien,directed
pink,conanobrien,directed
wizkhalifa,conanobrien,directed
aliciakeys,conanobrien,directed
nba,conanobrien,directed
pitbull,conanobrien,directed
nfl,conanobrien,directed
aplusk,conanobrien,directed
ryanseacrest,conanobrien,directed
pitbull,kourtneykardash,directed
zaynmalik,kourtneykardash,directed
davidguetta,justinbieber,directed
justinbieber,davidguetta,directed
davidguetta,rihanna,directed
davidguetta,jtimberlake,directed
davidguetta,kanyewest,directed
davidguetta,neymarjr,directed
pitbull,davidguetta,directed
srbachchan,beingsalmankhan,directed
beingsalmankhan,iamsrk,directed
iamsrk,beingsalmankhan,directed
beingsalmankhan,aamir_khan,directed
aamir_khan,beingsalmankhan,directed
deepikapadukone,beingsalmankhan,directed
priyankachopra,beingsalmankhan,directed
ihrithik,beingsalmankhan,directed
nfl,katyperry,directed
nfl,taylorswift13,directed
nfl,ladygaga,directed
nfl,theellenshow,directed
theellenshow,nfl,directed
nfl,twitter,directed
nfl,jtimberlake,directed
nfl,britneyspears,directed
nfl,jimmyfallon,directed
jimmyfallon,nfl,directed
nfl,instagram,directed
nfl,sportscenter,directed
sportscenter,nfl,directed
nfl,espn,directed
espn,nfl,directed
pink,nfl,directed
nfl,danieltosh,directed
nfl,aliciakeys,directed
nfl,aplusk,directed
aplusk,nfl,directed
nfl,vine,directed
nfl,priyankachopra,directed
justinbieber,eminem,directed
rihanna,eminem,directed
jimmyfallon,eminem,directed
pink,eminem,directed
nba,eminem,directed
pitbull,eminem,directed
nfl,eminem,directed
zaynmalik,eminem,directed
agnezmo,eminem,directed
priyankachopra,eminem,directed
snoopdogg,eminem,directed
youtube,nasa,directed
theellenshow,nasa,directed
jtimberlake,nasa,directed
niallofficial,nasa,directed
srbachchan,nasa,directed
theeconomist,nasa,directed
nickiminaj,katyperry,directed
katyperry,nickiminaj,directed
nickiminaj,justinbieber,directed
justinbieber,nickiminaj,directed
nickiminaj,taylorswift13,directed
nickiminaj,rihanna,directed
rihanna,nickiminaj,directed
youtube,nickiminaj,directed
nickiminaj,theellenshow,directed
theellenshow,nickiminaj,directed
nickiminaj,britneyspears,directed
britneyspears,nickiminaj,directed
nickiminaj,selenagomez,directed
selenagomez,nickiminaj,directed
jimmyfallon,nickiminaj,directed
ddlovato,nickiminaj,directed
nickiminaj,nytimes,directed
nickiminaj,wizkhalifa,directed
wizkhalifa,nickiminaj,directed
nickiminaj,kanyewest,directed
nickiminaj,aliciakeys,directed
aliciakeys,nickiminaj,directed
pitbull,nickiminaj,directed
nickiminaj,khloekardashian,directed
khloekardashian,nickiminaj,directed
nickiminaj,davidguetta,directed
davidguetta,nickiminaj,directed
nickiminaj,zaynmalik,directed
zaynmalik,nickiminaj,directed
nickiminaj,chrisbrown,directed
nickiminaj,coldplay,directed
nickiminaj,ricky_martin,directed
ricky_martin,nickiminaj,directed
nickiminaj,xtina,directed
nickiminaj,ryanseacrest,directed
ryanseacrest,nickiminaj,directed
nickiminaj,snoopdogg,directed
snoopdogg,nickiminaj,directed
kendalljenner,justinbieber,directed
justinbieber,kendalljenner,directed
theellenshow,kendalljenner,directed
kendalljenner,kimkardashian,directed
kimkardashian,kendalljenner,directed
selenagomez,kendalljenner,directed
kendalljenner,cnnbrk,directed
kendalljenner,jimmyfallon,directed
jimmyfallon,kendalljenner,directed
ddlovato,kendalljenner,directed
kendalljenner,nytimes,directed
kendalljenner,kevinhart4real,directed
kendalljenner,mileycyrus,directed
mileycyrus,kendalljenner,directed
kendalljenner,niallofficial,directed
niallofficial,kendalljenner,directed
kendalljenner,kanyewest,directed
liampayne,kendalljenner,directed
kendalljenner,khloekardashian,directed
khloekardashian,kendalljenner,directed
kendalljenner,kourtneykardash,directed
kourtneykardash,kendalljenner,directed
zaynmalik,kendalljenner,directed
kendalljenner,kyliejenner,directed
kyliejenner,kendalljenner,directed
kendalljenner,ryanseacrest,directed
ryanseacrest,kendalljenner,directed
snoopdogg,kendalljenner,directed
avrillavigne,justinbieber,directed
justinbieber,avrillavigne,directed
avrillavigne,taylorswift13,directed
taylorswift13,avrillavigne,directed
avrillavigne,britneyspears,directed
britneyspears,avrillavigne,directed
avrillavigne,ddlovato,directed
ddlovato,avrillavigne,directed
avrillavigne,mileycyrus,directed
avrillavigne,harry_styles,directed
avrillavigne,liampayne,directed
liampayne,avrillavigne,directed
avrillavigne,kyliejenner,directed
kyliejenner,avrillavigne,directed
avrillavigne,leodicaprio,directed
avrillavigne,jimcarrey,directed
avrillavigne,ryanseacrest,directed
ryanseacrest,avrillavigne,directed
deepikapadukone,aamir_khan,directed
priyankachopra,aamir_khan,directed
aamir_khan,ihrithik,directed
fcbarcelona,neymarjr,directed
neymarjr,fcbarcelona,directed
louis_tomlinson,fcbarcelona,directed
kyliejenner,katyperry,directed
kyliejenner,justinbieber,directed
justinbieber,kyliejenner,directed
kyliejenner,taylorswift13,directed
kyliejenner,rihanna,directed
kyliejenner,ladygaga,directed
kyliejenner,jtimberlake,directed
kyliejenner,britneyspears,directed
kyliejenner,selenagomez,directed
jimmyfallon,kyliejenner,directed
kyliejenner,ddlovato,directed
ddlovato,kyliejenner,directed
kyliejenner,mileycyrus,directed
kyliejenner,liltunechi,directed
kyliejenner,niallofficial,directed
niallofficial,kyliejenner,directed
kyliejenner,kanyewest,directed
kyliejenner,liampayne,directed
liampayne,kyliejenner,directed
kyliejenner,khloekardashian,directed
khloekardashian,kyliejenner,directed
kyliejenner,kourtneykardash,directed
kourtneykardash,kyliejenner,directed
kyliejenner,nickiminaj,directed
nickiminaj,kyliejenner,directed
kyliejenner,zaynmalik,directed
zaynmalik,kyliejenner,directed
kyliejenner,chrisbrown,directed
kyliejenner,ryanseacrest,directed
ryanseacrest,kyliejenner,directed
justinbieber,chrisbrown,directed
jimmyfallon,chrisbrown,directed
pitbull,chrisbrown,directed
davidguetta,chrisbrown,directed
zaynmalik,chrisbrown,directed
justinbieber,blakeshelton,directed
blakeshelton,jtimberlake,directed
jtimberlake,blakeshelton,directed
jimmyfallon,blakeshelton,directed
blakeshelton,shakira,directed
shakira,blakeshelton,directed
pitbull,blakeshelton,directed
blakeshelton,xtina,directed
xtina,blakeshelton,directed
justinbieber,coldplay,directed
coldplay,rihanna,directed
rihanna,coldplay,directed
coldplay,ladygaga,directed
coldplay,jtimberlake,directed
coldplay,jimmyfallon,directed
jimmyfallon,coldplay,directed
shakira,coldplay,directed
coldplay,kanyewest,directed
pitbull,coldplay,directed
theeconomist,jimmyfallon,directed
jimmyfallon,theeconomist,directed
theeconomist,nytimes,directed
narendramodi,theeconomist,directed
aplusk,katyperry,directed
justinbieber,aplusk,directed
aplusk,taylorswift13,directed
aplusk,rihanna,directed
aplusk,twitter,directed
aplusk,cnnbrk,directed
aplusk,jimmyfallon,directed
jimmyfallon,aplusk,directed
shakira,aplusk,directed
aplusk,ddlovato,directed
ddlovato,aplusk,directed
pitbull,aplusk,directed
aplusk,realdonaldtrump,directed
priyankachopra,aplusk,directed
ivetesangalo,aplusk,directed
jimmyfallon,bbcworld,directed
aliciakeys,bbcworld,directed
srbachchan,bbcworld,directed
emmawatson,bbcworld,directed
reuters,bbcworld,directed
mariahcarey,justinbieber,directed
justinbieber,mariahcarey,directed
youtube,mariahcarey,directed
mariahcarey,theellenshow,directed
theellenshow,mariahcarey,directed
mariahcarey,jimmyfallon,directed
jimmyfallon,mariahcarey,directed
mariahcarey,oprah,directed
agnezmo,mariahcarey,directed
priyankachopra,mariahcarey,directed
mariahcarey,ryanseacrest,directed
ryanseacrest,mariahcarey,directed
snoopdogg,mariahcarey,directed
deepikapadukone,narendramodi,directed
deepikapadukone,iamsrk,directed
iamsrk,deepikapadukone,directed
deepikapadukone,priyankachopra,directed
priyankachopra,deepikapadukone,directed
deepikapadukone,ihrithik,directed
justinbieber,leodicaprio,directed
ladygaga,leodicaprio,directed
theellenshow,leodicaprio,directed
jimmyfallon,leodicaprio,directed
leodicaprio,nytimes,directed
sportscenter,leodicaprio,directed
srbachchan,leodicaprio,directed
liampayne,leodicaprio,directed
louis_tomlinson,leodicaprio,directed
iamsrk,leodicaprio,directed
nfl,leodicaprio,directed
leodicaprio,aplusk,directed
priyankachopra,leodicaprio,directed
ryanseacrest,leodicaprio,directed
snoopdogg,leodicaprio,directed
google,justinbieber,directed
google,youtube,directed
youtube,google,directed
theellenshow,google,directed
google,twitter,directed
jimmyfallon,google,directed
google,nytimes,directed
narendramodi,google,directed
google,nasa,directed
theeconomist,google,directed
shugairi,google,directed
edsheeran,justinbieber,directed
justinbieber,edsheeran,directed
edsheeran,taylorswift13,directed
taylorswift13,edsheeran,directed
edsheeran,ladygaga,directed
ladygaga,edsheeran,directed
jtimberlake,edsheeran,directed
edsheeran,jimmyfallon,directed
jimmyfallon,edsheeran,directed
edsheeran,zaynmalik,directed
zaynmalik,edsheeran,directed
edsheeran,xtina,directed
ricky_martin,taylorswift13,directed
ricky_martin,rihanna,directed
rihanna,ricky_martin,directed
zaynmalik,xtina,directed
agnezmo,justinbieber,directed
agnezmo,rihanna,directed
agnezmo,ladygaga,directed
agnezmo,twitter,directed
agnezmo,jtimberlake,directed
agnezmo,britneyspears,directed
agnezmo,jimmyfallon,directed
agnezmo,espn,directed
agnezmo,kanyewest,directed
agnezmo,aliciakeys,directed
agnezmo,pitbull,directed
agnezmo,chrisbrown,directed
agnezmo,xtina,directed
reuters,twitter,directed
reuters,cnnbrk,directed
jimmyfallon,reuters,directed
reuters,nytimes,directed
narendramodi,reuters,directed
srbachchan,reuters,directed
reuters,theeconomist,directed
theeconomist,reuters,directed
reuters,vine,directed
priyankachopra,rihanna,directed
twitterespanol,twitter,directed
twitter,twitterespanol,directed
ihrithik,taylorswift13,directed
ihrithik,narendramodi,directed
ihrithik,iamsrk,directed
iamsrk,ihrithik,directed
ihrithik,priyankachopra,directed
priyankachopra,ihrithik,directed
akshaykumar,narendramodi,directed
narendramodi,akshaykumar,directed
akshaykumar,ihrithik,directed
ihrithik,akshaykumar,directed
justinbieber,jimcarrey,directed
theellenshow,jimcarrey,directed
jimmyfallon,jimcarrey,directed
pink,jimcarrey,directed
ivetesangalo,jimcarrey,directed
snoopdogg,jimcarrey,directed
kdtrey5,justinbieber,directed
justinbieber,kdtrey5,directed
kdtrey5,rihanna,directed
rihanna,kdtrey5,directed
theellenshow,kdtrey5,directed
kdtrey5,jtimberlake,directed
jtimberlake,kdtrey5,directed
kdtrey5,kimkardashian,directed
jimmyfallon,kdtrey5,directed
kdtrey5,kingjames,directed
kingjames,kdtrey5,directed
kdtrey5,kevinhart4real,directed
kevinhart4real,kdtrey5,directed
kdtrey5,sportscenter,directed
sportscenter,kdtrey5,directed
kdtrey5,liltunechi,directed
kdtrey5,wizkhalifa,directed
wizkhalifa,kdtrey5,directed
kdtrey5,aliciakeys,directed
kdtrey5,nba,directed
nba,kdtrey5,directed
nfl,kdtrey5,directed
kdtrey5,nickiminaj,directed
nickiminaj,kdtrey5,directed
kdtrey5,chrisbrown,directed
kdtrey5,vine,directed
kdtrey5,snoopdogg,directed
ryanseacrest,katyperry,directed
katyperry,ryanseacrest,directed
ryanseacrest,justinbieber,directed
justinbieber,ryanseacrest,directed
ryanseacrest,taylorswift13,directed
taylorswift13,ryanseacrest,directed
ryanseacrest,rihanna,directed
rihanna,ryanseacrest,directed
ryanseacrest,youtube,directed
youtube,ryanseacrest,directed
ryanseacrest,ladygaga,directed
ladygaga,ryanseacrest,directed
ryanseacrest,theellenshow,directed
theellenshow,ryanseacrest,directed
ryanseacrest,twitter,directed
ryanseacrest,jtimberlake,directed
ryanseacrest,britneyspears,directed
britneyspears,ryanseacrest,directed
ryanseacrest,selenagomez,directed
selenagomez,ryanseacrest,directed
ryanseacrest,cnnbrk,directed
ryanseacrest,jimmyfallon,directed
jimmyfallon,ryanseacrest,directed
ryanseacrest,shakira,directed
shakira,ryanseacrest,directed
ryanseacrest,ddlovato,directed
ddlovato,ryanseacrest,directed
ryanseacrest,instagram,directed
ryanseacrest,nytimes,directed
ryanseacrest,kanyewest,directed
ryanseacrest,aliciakeys,directed
ryanseacrest,pitbull,directed
pitbull,ryanseacrest,directed
ryanseacrest,khloekardashian,directed
khloekardashian,ryanseacrest,directed
ryanseacrest,kourtneykardash,directed
kourtneykardash,ryanseacrest,directed
ryanseacrest,davidguetta,directed
ryanseacrest,zaynmalik,directed
ryanseacrest,blakeshelton,directed
ryanseacrest,coldplay,directed
ryanseacrest,realdonaldtrump,directed
ryanseacrest,aplusk,directed
aplusk,ryanseacrest,directed
ryanseacrest,edsheeran,directed
edsheeran,ryanseacrest,directed
ryanseacrest,ricky_martin,directed
ricky_martin,ryanseacrest,directed
agnezmo,ryanseacrest,directed
ryanseacrest,snoopdogg,directed
snoopdogg,ryanseacrest,directed
ivetesangalo,katyperry,directed
ivetesangalo,taylorswift13,directed
ivetesangalo,rihanna,directed
ivetesangalo,ladygaga,directed
ivetesangalo,jtimberlake,directed
ivetesangalo,shakira,directed
shakira,ivetesangalo,directed
ivetesangalo,neymarjr,directed
neymarjr,ivetesangalo,directed
ivetesangalo,pitbull,directed
ivetesangalo,vine,directed
ivetesangalo,ricky_martin,directed
pmoindia,narendramodi,directed
narendramodi,pmoindia,directed
srbachchan,pmoindia,directed
alejandrosanz,barackobama,directed
theellenshow,alejandrosanz,directed
alejandrosanz,shakira,directed
shakira,alejandrosanz,directed
alejandrosanz,instagram,directed
alejandrosanz,jlo,directed
neymarjr,alejandrosanz,directed
alejandrosanz,aliciakeys,directed
aliciakeys,alejandrosanz,directed
alejandrosanz,nasa,directed
alejandrosanz,ricky_martin,directed
ricky_martin,alejandrosanz,directed
alejandrosanz,twitterespanol,directed
alejandrosanz,ivetesangalo,directed
ivetesangalo,alejandrosanz,directed
snoopdogg,katyperry,directed
katyperry,snoopdogg,directed
snoopdogg,justinbieber,directed
justinbieber,snoopdogg,directed
snoopdogg,taylorswift13,directed
snoopdogg,rihanna,directed
snoopdogg,youtube,directed
youtube,snoopdogg,directed
snoopdogg,ladygaga,directed
snoopdogg,theellenshow,directed
theellenshow,snoopdogg,directed
snoopdogg,jtimberlake,directed
snoopdogg,britneyspears,directed
snoopdogg,selenagomez,directed
snoopdogg,jimmyfallon,directed
jimmyfallon,snoopdogg,directed
snoopdogg,shakira,directed
snoopdogg,instagram,directed
snoopdogg,sportscenter,directed
snoopdogg,espn,directed
snoopdogg,wizkhalifa,directed
wizkhalifa,snoopdogg,directed
snoopdogg,kanyewest,directed
snoopdogg,danieltosh,directed
snoopdogg,aliciakeys,directed
snoopdogg,pitbull,directed
pitbull,snoopdogg,directed
snoopdogg,khloekardashian,directed
snoopdogg,kourtneykardash,directed
snoopdogg,davidguetta,directed
snoopdogg,zaynmalik,directed
zaynmalik,snoopdogg,directed
snoopdogg,chrisbrown,directed
snoopdogg,coldplay,directed
snoopdogg,aplusk,directed
aplusk,snoopdogg,directed
snoopdogg,xtina,directed
agnezmo,snoopdogg,directed
snoopdogg,akshaykumar,directed
akshaykumar,snoopdogg,directed